{
    "mod_id": "K2D2",
    "name": "K2D2",
    "author": "cfloutier, Mole",
    "description": "Small set of navigation tools. use Alt+O to open",
    "source": "https://github.com/cfloutier/k2d2",
    "version": "0.8.1",
    "version_check": "https://raw.githubusercontent.com/schlosrat/k2d2/master/swinfo.json",
    "dependencies": [
        {
          "id": "SpaceWarp",
          "version": {
            "min": "1.0.1",
            "max": "*"
          }
        }
      ],
        "ksp2_version": {
        "min": "0.1.2",
        "max": "*"
    }
}